test_seq,test_no,ramp_location,ramp_height,damage,temp,file,date,damage_case,dmg,train,test,ref,del,Rezeroed,Comments
1,1,1,0.114,h,24.1,h_1,2018_02_19,healthy,,,,,1,0,Not used due to varying ramp height
2,2,1,0.114,h,24.2,h_2,2018_02_19,healthy,,,,,1,0,Not used due to varying ramp height
3,3,1,0.114,h,24.1,h_3,2018_02_19,healthy,,,,,1,0,Not used due to varying ramp height
4,4,1,0.114,h,24.1,h_4,2018_02_19,healthy,,,,,1,0,Not used due to varying ramp height
5,5,1,0.114,h,24.1,h_5,2018_02_19,healthy,,,,,1,0,Not used due to varying ramp height
6,6,1,0.114,h,24.1,h_6,2018_02_19,healthy,,,,,1,0,Not used due to varying ramp height
7,7,1,0.114,h,24.1,h_7,2018_02_19,healthy,,,,,1,0,Not used due to varying ramp height
8,8,1,0.114,h,24.1,h_8,2018_02_19,healthy,,,,,1,0,Not used due to varying ramp height
9,9,1,0.114,h,24.1,h_9,2018_02_19,healthy,,,,,1,0,Not used due to varying ramp height
10,10,1,0.114,h,24.1,h_10,2018_02_19,healthy,,,,,1,0,Not used due to varying ramp height
11,11,3,0.254,h,24.1,h_11,2018_02_19,healthy,,,,,1,0,Not used due to varying ramp height
12,12,3,0.254,h,24.1,h_12,2018_02_19,healthy,,,,,1,0,Not used due to varying ramp height
13,13,3,0.254,h,24.1,h_13,2018_02_19,healthy,,,,,1,0,Not used due to varying ramp height
14,14,3,0.254,h,24.1,h_14,2018_02_19,healthy,,,,,1,0,Not used due to varying ramp height
15,15,3,0.254,h,24.1,h_15,2018_02_19,healthy,,,,,1,0,Not used due to varying ramp height
16,16,3,0.254,h,24.1,h_16,2018_02_19,healthy,,,,,1,0,Not used due to varying ramp height
17,17,3,0.254,h,24.1,h_17,2018_02_19,healthy,,,,,1,0,Not used due to varying ramp height
18,18,3,0.254,h,24.1,h_18,2018_02_19,healthy,,,,,1,0,Not used due to varying ramp height
19,19,3,0.254,h,24.1,h_19,2018_02_19,healthy,,,,,1,0,Not used due to varying ramp height
20,20,3,0.254,h,24.1,h_20,2018_02_19,healthy,,,,,1,0,Not used due to varying ramp height
21,21,6,0.452,h,24.1,h_21,2018_02_19,healthy,,,,,1,0,Not used due to varying ramp height
22,22,6,0.452,h,24,h_22,2018_02_19,healthy,,,,,1,0,Not used due to varying ramp height
23,23,6,0.452,h,24,h_23,2018_02_19,healthy,,,,,1,0,Not used due to varying ramp height
24,24,6,0.452,h,24,h_24,2018_02_19,healthy,,,,,1,0,Not used due to varying ramp height
25,25,6,0.452,h,24,h_25,2018_02_19,healthy,,,,,1,0,Not used due to varying ramp height
26,26,6,0.452,h,24,h_26,2018_02_19,healthy,,,,,1,0,Not used due to varying ramp height
27,27,6,0.452,h,24,h_27,2018_02_19,healthy,,,,,1,0,Not used due to varying ramp height
28,28,6,0.452,h,24,h_28,2018_02_19,healthy,,,,,1,0,Not used due to varying ramp height
29,29,6,0.452,h,24,h_29,2018_02_19,healthy,,,,,1,0,Not used due to varying ramp height
30,30,6,0.452,h,24,h_30,2018_02_19,healthy,,,,,1,0,Not used due to varying ramp height
31,31,2,0.182,h,24,h_31,2018_02_19,healthy,,,,,1,0,Not used due to varying ramp height
32,32,2,0.182,h,24,h_32,2018_02_19,healthy,,,,,1,0,Not used due to varying ramp height
33,33,4,0.328,h,24,h_33,2018_02_19,healthy,,,,,1,0,Not used due to varying ramp height
34,34,4,0.328,h,24,h_34,2018_02_19,healthy,,,,,1,0,Not used due to varying ramp height
35,35,5,0.399,h,24,h_35,2018_02_19,healthy,0,1,0,0,0,0,
36,36,5,0.399,h,24,h_36,2018_02_19,healthy,0,0,1,0,0,0,
37,37,3,0.254,h,24,h_37,2018_02_19,healthy,,,,,1,0,Not used due to varying ramp height
38,38,3,0.254,h,24,h_38,2018_02_19,healthy,,,,,1,0,Not used due to varying ramp height
39,39,3,0.254,h,24,h_39,2018_02_19,healthy,,,,,1,0,Not used due to varying ramp height
40,40,3,0.254,h,24,h_40,2018_02_19,healthy,,,,,1,0,Not used due to varying ramp height
41,41,3,0.254,h,24,h_41,2018_02_19,healthy,,,,,1,0,Not used due to varying ramp height
42,42,1,0.114,h,24,h_42,2018_02_19,healthy,,,,,1,0,Not used due to varying ramp height
43,43,1,0.114,h,24,h_43,2018_02_19,healthy,,,,,1,0,Not used due to varying ramp height
44,44,1,0.114,h,24,h_44,2018_02_19,healthy,,,,,1,0,Not used due to varying ramp height
45,45,1,0.114,h,24,h_45,2018_02_19,healthy,,,,,1,0,Not used due to varying ramp height
46,46,1,0.114,h,24,h_46,2018_02_19,healthy,,,,,1,0,Not used due to varying ramp height
47,47,5,0.399,h,24,h_47,2018_02_19,healthy,0,1,0,0,0,0,
48,48,6,0.452,h,24,h_48,2018_02_19,healthy,,,,,1,0,Not used due to varying ramp height
49,49,6,0.452,h,24,h_49,2018_02_19,healthy,,,,,1,0,Not used due to varying ramp height
50,50,6,0.452,h,24,h_50,2018_02_19,healthy,,,,,1,0,Not used due to varying ramp height
51,51,6,0.452,h,24,h_51,2018_02_19,healthy,,,,,1,0,Not used due to varying ramp height
52,52,5,0.399,h,24.1,h_52,2018_03_06,healthy,0,0,1,0,0,0,
53,53,5,0.399,h,24.1,h_53,2018_03_06,healthy,0,0,1,0,0,0,
54,54,5,0.399,h,24.1,h_54,2018_03_06,healthy,0,1,0,0,0,0,
55,55,5,0.399,h,24.1,h_55,2018_03_06,healthy,0,0,1,0,0,0,
56,56,5,0.399,h,24.1,h_56,2018_03_06,healthy,0,0,1,0,0,0,
57,57,5,0.399,h,24.1,h_57,2018_03_06,healthy,0,0,0,1,0,0,
58,58,5,0.399,h,24.1,h_58,2018_03_06,healthy,0,0,0,1,0,0,
59,59,5,0.399,h,24.1,h_59,2018_03_06,healthy,0,0,0,1,0,0,
60,60,5,0.399,h,24.1,h_60,2018_03_06,healthy,0,0,1,0,0,0,
61,61,5,0.399,h,24.1,h_61,2018_03_06,healthy,0,0,1,0,0,0,
62,62,5,0.399,h,24.1,h_62,2018_03_06,healthy,0,1,0,0,0,0,
63,63,5,0.399,h,24.1,h_63,2018_03_06,healthy,0,1,0,0,0,0,
64,64,5,0.399,h,24.1,h_64,2018_03_06,healthy,0,0,1,0,0,0,tightened acc5
65,65,5,0.399,h,24.1,h_65,2018_03_06,healthy,0,1,0,0,0,0,
66,66,5,0.399,h,23.9,h_66,2018_03_06,healthy,0,0,0,1,0,0,
67,67,5,0.399,h,23.9,h_67,2018_03_06,healthy,0,1,0,0,0,0,
68,68,5,0.399,h,23.9,h_68,2018_03_06,healthy,0,0,1,0,0,0,
69,69,5,0.399,h,23.9,h_69,2018_03_06,healthy,0,1,0,0,0,0,
70,70,5,0.399,h,23.9,h_70,2018_03_06,healthy,0,1,0,0,0,0,
71,71,5,0.399,h,23.9,h_71,2018_03_06,healthy,0,0,1,0,0,0,
72,72,5,0.399,h,23.9,h_72,2018_03_06,healthy,0,0,0,1,0,0,
73,73,5,0.399,h,23.9,h_73,2018_03_06,healthy,0,0,0,1,0,0,
74,74,5,0.399,h,23.9,h_74,2018_03_06,healthy,0,0,0,1,0,0,
75,75,5,0.399,h,23.9,h_75,2018_03_06,healthy,0,0,1,0,0,0,
76,76,5,0.399,h,23.9,h_76,2018_03_06,healthy,0,0,0,1,0,0,
77,77,5,0.399,h,23.9,h_77,2018_03_06,healthy,0,0,0,1,0,0,
78,78,5,0.399,h,23.9,h_78,2018_03_06,healthy,0,0,0,1,0,0,
79,79,5,0.399,h,23.9,h_79,2018_03_06,healthy,0,0,0,1,0,0,
80,80,5,0.399,h,23.9,h_80,2018_03_06,healthy,0,0,1,0,0,0,
81,81,5,0.399,h,23.9,h_81,2018_03_06,healthy,0,0,1,0,0,0,
82,82,5,0.399,h,23.9,h_82,2018_03_06,healthy,0,0,1,0,0,0,
83,83,5,0.399,h,23.9,h_83,2018_03_06,healthy,0,0,1,0,0,0,
84,84,5,0.399,h,23.9,h_84,2018_03_06,healthy,0,0,1,0,0,0,
85,85,5,0.399,h,23.9,h_85,2018_03_06,healthy,0,0,1,0,0,0,
86,86,5,0.399,h,23.9,h_86,2018_03_06,healthy,0,0,1,0,0,0,
87,87,5,0.399,h,23.9,h_87,2018_03_06,healthy,0,0,0,1,0,0,
88,88,5,0.399,h,23.9,h_88,2018_03_06,healthy,0,0,0,1,0,0,
89,89,5,0.399,h,23.9,h_89,2018_03_06,healthy,0,1,0,0,0,0,
90,90,5,0.399,h,23.9,h_90,2018_03_06,healthy,0,1,0,0,0,0,
91,91,5,0.399,h,23.9,h_91,2018_03_06,healthy,0,0,1,0,0,0,
92,92,5,0.399,h,23.9,h_92,2018_03_06,healthy,0,0,1,0,0,0,
93,93,5,0.399,h,23.9,h_93,2018_03_06,healthy,0,0,1,0,0,0,
94,94,5,0.399,h,23.9,h_94,2018_03_06,healthy,0,0,1,0,0,0,
95,95,5,0.399,h,24.1,h_95,2018_03_06,healthy,0,1,0,0,0,0,
96,96,5,0.399,h,24.1,h_96,2018_03_06,healthy,0,0,0,1,0,0,
97,97,5,0.399,h,24.1,h_97,2018_03_06,healthy,0,1,0,0,0,0,
98,98,5,0.399,h,24.1,h_98,2018_03_06,healthy,0,0,1,0,0,0,
99,99,5,0.399,h,24.1,h_99,2018_03_06,healthy,0,0,0,1,0,0,
100,100,5,0.399,h,24.1,h_100,2018_03_06,healthy,0,0,0,1,0,0,
101,101,5,0.399,h,24.1,h_101,2018_03_06,healthy,0,1,0,0,0,0,
102,102,5,0.399,h,24.1,h_102,2018_03_06,healthy,0,1,0,0,0,0,
103,103,3,0.254,h,24.1,h_103,2018_03_06,healthy,,,,,1,0,
104,104,3,0.254,h,24.1,h_104,2018_03_06,healthy,,,,,1,0,
105,105,1,0.114,h,24.1,h_105,2018_03_06,healthy,,,,,1,0,
106,106,1,0.114,h,24.1,h_106,2018_03_06,healthy,,,,,1,0,
107,217,5,0.399,d,24,d_1,2018_03_06,truss_1_removed,1,,,,0,0,
108,218,5,0.399,d,24,d_2,2018_03_06,truss_1_removed,1,,,,0,0,
109,219,5,0.399,d,24,d_3,2018_03_06,truss_1_removed,1,,,,0,0,
110,220,5,0.399,d,24,d_4,2018_03_06,truss_1_removed,1,,,,0,0,
111,221,5,0.399,d,24,d_5,2018_03_06,truss_1_removed,1,,,,0,0,
112,222,5,0.399,d,24,d_6,2018_03_06,truss_1_removed,1,,,,0,0,
113,223,5,0.399,d,24,d_7,2018_03_06,truss_1_removed,1,,,,0,0,
114,224,5,0.399,d,24,d_8,2018_03_06,truss_1_removed,1,,,,0,0,
115,225,5,0.399,d,24,d_9,2018_03_06,truss_1_removed,1,,,,0,0,
116,226,5,0.399,d,24,d_10,2018_03_06,truss_1_removed,1,,,,0,0,
117,227,5,0.399,d,24,d_11,2018_03_06,truss_1_removed,1,,,,0,0,
118,228,5,0.399,d,24,d_12,2018_03_06,truss_1_removed,1,,,,0,0,
119,229,5,0.399,d,24,d_13,2018_03_06,truss_1_removed,1,,,,0,0,
120,230,5,0.399,d,24,d_14,2018_03_06,truss_1_removed,1,,,,0,0,
121,231,5,0.399,d,24,d_15,2018_03_06,truss_1_removed,1,,,,0,0,
122,232,5,0.399,d,24,d_16,2018_03_06,truss_1_removed,1,,,,0,0,
123,233,5,0.399,d,24,d_17,2018_03_06,truss_1_removed,1,,,,0,0,
124,234,5,0.399,d,24,d_18,2018_03_06,truss_1_removed,1,,,,0,0,
125,235,5,0.399,d,24,d_19,2018_03_06,truss_1_removed,1,,,,0,0,
126,236,5,0.399,d,24.1,d_20,2018_03_06,truss_1_removed,1,,,,0,0,
127,237,5,0.399,d,24.1,d_21,2018_03_06,truss_1_removed,1,,,,0,0,
128,238,5,0.399,d,24.1,d_22,2018_03_06,truss_1_removed,1,,,,0,0,
129,239,5,0.399,d,24.1,d_23,2018_03_06,truss_1_removed,1,,,,0,0,
130,240,5,0.399,d,24.1,d_24,2018_03_06,truss_1_removed,1,,,,0,0,
131,241,5,0.399,d,24.1,d_25,2018_03_06,truss_1_removed,1,,,,0,0,
132,242,5,0.399,d,24.1,d_26,2018_03_06,truss_1_removed,1,,,,0,0,
133,243,5,0.399,d,24.1,d_27,2018_03_06,truss_1_removed,1,,,,0,0,
134,244,5,0.399,d,24.1,d_28,2018_03_06,truss_1_removed,1,,,,0,0,
135,245,5,0.399,d,24.1,d_29,2018_03_06,truss_1_removed,1,,,,0,0,
136,246,5,0.399,d,24.1,d_30,2018_03_06,truss_1_removed,1,,,,0,0,
137,247,5,0.399,d,24.1,d_31,2018_03_06,truss_1_removed,1,,,,0,0,
138,248,5,0.399,d,24.1,d_32,2018_03_06,truss_1_removed,1,,,,0,0,
139,249,5,0.399,d,24.1,d_33,2018_03_06,truss_1_removed,1,,,,0,0,
140,250,5,0.399,d,24.1,d_34,2018_03_06,truss_1_removed,1,,,,0,0,
141,251,5,0.399,d,24.1,d_35,2018_03_06,truss_1_removed,1,,,,0,0,
142,252,5,0.399,d,24.1,d_36,2018_03_06,truss_1_removed,1,,,,0,0,
143,253,5,0.399,d,24.1,d_37,2018_03_06,truss_1_removed,1,,,,0,0,
144,254,5,0.399,d,24.1,d_38,2018_03_06,truss_1_removed,1,,,,0,0,
145,255,5,0.399,d,24.1,d_39,2018_03_06,truss_1_removed,1,,,,0,0,
146,256,5,0.399,d,24.1,d_40,2018_03_06,truss_1_removed,1,,,,0,0,
147,257,5,0.399,d,24.1,d_41,2018_03_06,truss_1_removed,1,,,,0,0,
148,258,5,0.399,d,24.1,d_42,2018_03_06,truss_1_removed,1,,,,0,0,
149,259,5,0.399,d,24.1,d_43,2018_03_06,truss_1_removed,1,,,,0,0,
150,260,5,0.399,d,24.1,d_44,2018_03_06,truss_1_removed,1,,,,0,0,
151,261,5,0.399,d,24.1,d_45,2018_03_06,truss_1_removed,1,,,,0,0,
152,262,5,0.399,d,24.1,d_46,2018_03_06,truss_1_removed,1,,,,0,0,
153,263,5,0.399,d,24.1,d_47,2018_03_06,truss_1_removed,1,,,,0,0,
154,264,5,0.399,d,24.1,d_48,2018_03_06,truss_1_removed,1,,,,0,0,
155,265,5,0.399,d,24.1,d_49,2018_03_06,truss_1_removed,1,,,,0,0,
156,266,5,0.399,d,24.1,d_50,2018_03_06,truss_1_removed,1,,,,0,0,
157,267,3,0.254,d,24.1,d_51,2018_03_06,truss_1_removed,,,,,0,0,
158,268,3,0.254,d,24.1,d_52,2018_03_06,truss_1_removed,,,,,0,0,
159,269,1,0.114,d,24.1,d_53,2018_03_06,truss_1_removed,,,,,0,0,
160,270,1,0.114,d,24.1,d_54,2018_03_06,truss_1_removed,,,,,0,0,
161,107,5,0.399,h,24,h_107,2018_03_08,healthy,0,1,0,0,0,1,
162,108,5,0.399,h,24,h_108,2018_03_08,healthy,0,0,0,1,0,0,
163,109,5,0.399,h,24,h_109,2018_03_08,healthy,0,0,1,0,0,0,
164,110,5,0.399,h,24,h_110,2018_03_08,healthy,0,1,0,0,0,0,
165,111,5,0.399,h,24,h_111,2018_03_08,healthy,0,0,1,0,0,0,
166,112,5,0.399,h,24,h_112,2018_03_08,healthy,0,0,0,1,0,1,
167,113,5,0.399,h,24,h_113,2018_03_08,healthy,0,0,0,1,0,0,
168,114,5,0.399,h,24,h_114,2018_03_08,healthy,0,0,1,0,0,0,
169,115,5,0.399,h,24.1,h_115,2018_03_08,healthy,0,1,0,0,0,0,
170,116,5,0.399,h,24.1,h_116,2018_03_08,healthy,0,0,0,1,0,0,
171,117,5,0.399,h,24.1,h_117,2018_03_08,healthy,0,0,1,0,0,0,
172,118,5,0.399,h,24.1,h_118,2018_03_08,healthy,0,0,1,0,0,0,
173,119,5,0.399,h,24.1,h_119,2018_03_08,healthy,0,0,0,1,0,0,
174,120,5,0.399,h,24.1,h_120,2018_03_08,healthy,0,1,0,0,0,0,
175,121,5,0.399,h,24.1,h_121,2018_03_08,healthy,0,0,1,0,0,0,
176,122,5,0.399,h,24.1,h_122,2018_03_08,healthy,0,1,0,0,0,1,
177,123,5,0.399,h,24.1,h_123,2018_03_08,healthy,0,0,0,1,0,1,
178,124,5,0.399,h,24.1,h_124,2018_03_08,healthy,0,1,0,0,0,1,
179,125,5,0.399,h,24.1,h_125,2018_03_08,healthy,0,1,0,0,0,1,
180,126,5,0.399,h,24.1,h_126,2018_03_08,healthy,0,1,0,0,0,1,
181,127,5,0.399,h,24.1,h_127,2018_03_08,healthy,0,1,0,0,0,1,
182,128,5,0.399,h,24.1,h_128,2018_03_08,healthy,0,1,0,0,0,1,
183,129,5,0.399,h,24.1,h_129,2018_03_08,healthy,0,1,0,0,0,1,
184,130,5,0.399,h,24.1,h_130,2018_03_08,healthy,0,0,0,1,0,1,
185,131,5,0.399,h,24.1,h_131,2018_03_08,healthy,0,1,0,0,0,1,
186,132,5,0.399,h,24.1,h_132,2018_03_08,healthy,0,0,0,1,0,1,
187,133,5,0.399,h,24,h_133,2018_03_08,healthy,0,1,0,0,0,1,
188,134,5,0.399,h,24,h_134,2018_03_08,healthy,0,0,0,1,0,1,
189,135,5,0.399,h,24,h_135,2018_03_08,healthy,0,0,0,1,0,1,
190,136,5,0.399,h,24.1,h_136,2018_03_08,healthy,0,0,0,1,0,1,
191,271,5,0.399,d,24.2,d_55,2018_03_08,truss_6_removed,2,,,,0,1,
192,272,5,0.399,d,24.2,d_56,2018_03_08,truss_6_removed,2,,,,0,1,
193,273,5,0.399,d,24.2,d_57,2018_03_08,truss_6_removed,2,,,,0,1,
194,274,5,0.399,d,24.2,d_58,2018_03_08,truss_6_removed,2,,,,0,1,
195,275,5,0.399,d,24.2,d_59,2018_03_08,truss_6_removed,2,,,,0,1,
196,276,5,0.399,d,24,d_60,2018_03_08,truss_6_removed,2,,,,0,1,
197,277,5,0.399,d,24,d_61,2018_03_08,truss_6_removed,2,,,,0,1,
198,278,5,0.399,d,24,d_62,2018_03_08,truss_6_removed,2,,,,0,1,
199,279,5,0.399,d,24,d_63,2018_03_08,truss_6_removed,2,,,,0,1,
200,280,5,0.399,d,24,d_64,2018_03_08,truss_6_removed,2,,,,0,1,
201,281,5,0.399,d,24,d_65,2018_03_08,truss_6_removed,2,,,,0,1,
202,282,5,0.399,d,24,d_66,2018_03_08,truss_6_removed,2,,,,0,1,
203,283,5,0.399,d,24,d_67,2018_03_08,truss_6_removed,2,,,,0,1,
204,284,5,0.399,d,24,d_68,2018_03_08,truss_6_removed,2,,,,0,1,
205,285,5,0.399,d,24,d_69,2018_03_08,truss_6_removed,2,,,,0,1,
206,286,5,0.399,d,24,d_70,2018_03_08,truss_6_removed,2,,,,0,1,
207,287,5,0.399,d,24,d_71,2018_03_08,truss_6_removed,2,,,,0,1,
208,288,5,0.399,d,24,d_72,2018_03_08,truss_6_removed,2,,,,0,1,
209,289,5,0.399,d,24,d_73,2018_03_08,truss_6_removed,2,,,,0,1,
210,290,5,0.399,d,24,d_74,2018_03_08,truss_6_removed,2,,,,0,1,
211,137,5,0.399,h,24.2,h_137,2018_03_08,healthy,0,0,1,0,0,1,
212,138,5,0.399,h,24.2,h_138,2018_03_08,healthy,0,1,0,0,0,1,
213,139,5,0.399,h,24.2,h_139,2018_03_08,healthy,0,1,0,0,0,1,
214,140,5,0.399,h,24.2,h_140,2018_03_08,healthy,0,1,0,0,0,1,
215,141,5,0.399,h,24.2,h_141,2018_03_08,healthy,0,1,0,0,0,1,
216,142,5,0.399,h,24.2,h_142,2018_03_08,healthy,0,0,0,1,0,1,
217,143,5,0.399,h,24.2,h_143,2018_03_08,healthy,0,0,1,0,0,1,
218,144,5,0.399,h,24.2,h_144,2018_03_08,healthy,0,1,0,0,0,1,
219,145,5,0.399,h,24.2,h_145,2018_03_08,healthy,0,0,0,1,0,1,
220,146,5,0.399,h,24.2,h_146,2018_03_08,healthy,0,1,0,0,0,1,
221,147,5,0.399,h,24.2,h_147,2018_03_08,healthy,0,0,1,0,0,1,
222,148,5,0.399,h,24.2,h_148,2018_03_08,healthy,0,0,1,0,0,1,
223,149,5,0.399,h,24.2,h_149,2018_03_08,healthy,0,0,0,1,0,1,
224,150,5,0.399,h,24.2,h_150,2018_03_08,healthy,0,1,0,0,0,1,
225,151,5,0.399,h,24.2,h_151,2018_03_08,healthy,0,1,0,0,0,1,
226,291,5,0.399,d,24.2,d_75,2018_03_08,brace_removed,3,,,,0,1,catman crashed needed to restart pc before d_75
227,292,5,0.399,d,24.2,d_76,2018_03_08,brace_removed,3,,,,0,1,
228,293,5,0.399,d,24.2,d_77,2018_03_08,brace_removed,3,,,,0,1,
229,294,5,0.399,d,24.2,d_78,2018_03_08,brace_removed,3,,,,0,1,
230,295,5,0.399,d,24.2,d_79,2018_03_08,brace_removed,3,,,,0,1,
231,296,5,0.399,d,24.2,d_80,2018_03_08,brace_removed,3,,,,0,1,
232,297,5,0.399,d,24.2,d_81,2018_03_08,brace_removed,3,,,,0,1,time series for acc2 or acc8 looked a bit different to previous runs
233,298,5,0.399,d,24.2,d_82,2018_03_08,brace_removed,3,,,,0,1,
234,299,5,0.399,d,24.2,d_83,2018_03_08,brace_removed,3,,,,0,1,
235,300,5,0.399,d,24.2,d_84,2018_03_08,brace_removed,3,,,,0,1,
236,301,5,0.399,d,24.2,d_85,2018_03_08,brace_removed,3,,,,0,1,
237,302,5,0.399,d,24.2,d_86,2018_03_08,brace_removed,3,,,,0,1,
238,303,5,0.399,d,24.2,d_87,2018_03_08,brace_removed,3,,,,0,1,
239,304,5,0.399,d,24.2,d_88,2018_03_08,brace_removed,3,,,,0,1,
240,305,5,0.399,d,24.2,d_89,2018_03_08,brace_removed,3,,,,0,1,
241,306,5,0.399,d,24.2,d_90,2018_03_08,brace_removed,3,,,,0,1,
242,307,5,0.399,d,24.2,d_91,2018_03_08,brace_removed,3,,,,0,1,
243,308,5,0.399,d,24.2,d_92,2018_03_08,brace_removed,3,,,,0,1,
244,309,5,0.399,d,24.2,d_93,2018_03_08,brace_removed,3,,,,0,1,
245,310,5,0.399,d,24.2,d_94,2018_03_08,brace_removed,3,,,,0,1,
246,152,5,0.399,h,24.2,h_152,2018_03_08,healthy,0,0,0,1,0,1,
247,153,5,0.399,h,24.2,h_153,2018_03_08,healthy,0,1,0,0,0,1,
248,154,5,0.399,h,24.2,h_154,2018_03_08,healthy,0,0,0,1,0,1,
249,155,5,0.399,h,24.3,h_155,2018_03_08,healthy,0,1,0,0,0,1,
250,156,5,0.399,h,24.4,h_156,2018_03_08,healthy,0,1,0,0,0,1,acc 5 graph offset below the rest at end of the run
251,157,5,0.399,h,24.4,h_157,2018_03_08,healthy,0,1,0,0,0,1,
252,158,5,0.399,h,24.4,h_158,2018_03_08,healthy,0,0,0,1,0,1,
253,159,5,0.399,h,24.4,h_159,2018_03_08,healthy,0,1,0,0,0,1,
254,160,5,0.399,h,24.4,h_160,2018_03_08,healthy,0,1,0,0,0,1,
255,161,5,0.399,h,24.4,h_161,2018_03_08,healthy,0,1,0,0,0,1,
256,162,5,0.399,h,24.3,h_162,2018_03_08,healthy,0,0,1,0,0,1,
257,163,5,0.399,h,24.3,h_163,2018_03_08,healthy,0,0,1,0,0,1,
258,164,5,0.399,h,24.3,h_164,2018_03_08,healthy,0,0,0,1,0,1,
259,165,5,0.399,h,24.3,h_165,2018_03_08,healthy,0,0,0,1,0,1,
260,166,5,0.399,h,24.2,h_166,2018_03_08,healthy,0,0,1,0,0,1,
261,167,5,0.399,h,24.7,h_167,2018_03_20,healthy,0,0,1,0,0,1,
262,168,5,0.399,h,24.7,h_168,2018_03_20,healthy,0,0,0,1,0,1,
263,169,5,0.399,h,24.7,h_169,2018_03_20,healthy,0,0,0,1,0,1,
264,170,5,0.399,h,24.7,h_170,2018_03_20,healthy,0,0,0,1,0,1,
265,171,5,0.399,h,24.7,h_171,2018_03_20,healthy,0,1,0,0,0,1,
266,172,5,0.399,h,24.7,h_172,2018_03_20,healthy,0,0,0,1,0,1,
267,173,5,0.399,h,24.7,h_173,2018_03_20,healthy,0,1,0,0,0,1,
268,174,5,0.399,h,24.7,h_174,2018_03_20,healthy,0,0,1,0,0,1,
269,175,5,0.399,h,24.7,h_175,2018_03_20,healthy,0,0,1,0,0,1,
270,176,5,0.399,h,24.7,h_176,2018_03_20,healthy,0,1,0,0,0,1,
271,177,5,0.399,h,24.7,h_177,2018_03_20,healthy,0,0,1,0,0,1,
272,178,5,0.399,h,24.7,h_178,2018_03_20,healthy,0,0,1,0,0,1,
273,179,5,0.399,h,24.5,h_179,2018_03_20,healthy,0,0,1,0,0,1,
274,180,5,0.399,h,24.5,h_180,2018_03_20,healthy,0,0,0,1,0,1,
275,181,5,0.399,h,24.4,h_181,2018_03_20,healthy,0,0,1,0,0,1,Accelerometer_8_fell_off
276,311,5,0.399,d,24.4,d_95,2018_03_20,Bottom_truss_leg_removed,4,,,,0,1,
277,312,5,0.399,d,24.4,d_96,2018_03_20,Bottom_truss_leg_removed,4,,,,0,1,
278,313,5,0.399,d,24.4,d_97,2018_03_20,Bottom_truss_leg_removed,4,,,,0,1,
279,314,5,0.399,d,24.3,d_98,2018_03_20,Bottom_truss_leg_removed,4,,,,0,1,
280,315,5,0.399,d,24.3,d_99,2018_03_20,Bottom_truss_leg_removed,4,,,,0,1,
281,316,5,0.399,d,24.3,d_100,2018_03_20,Bottom_truss_leg_removed,4,,,,0,1,
282,317,5,0.399,d,24.3,d_101,2018_03_20,Bottom_truss_leg_removed,4,,,,0,1,
283,318,5,0.399,d,24.3,d_102,2018_03_20,Bottom_truss_leg_removed,4,,,,0,1,
284,319,5,0.399,d,24.3,d_103,2018_03_20,Bottom_truss_leg_removed,4,,,,0,1,
285,320,5,0.399,d,24.3,d_104,2018_03_20,Bottom_truss_leg_removed,4,,,,0,1,G-clamp at acc 2 fell off and was replaced
286,321,5,0.399,d,24.3,d_105,2018_03_20,Bottom_truss_leg_removed,4,,,,0,1,
287,322,5,0.399,d,24.3,d_106,2018_03_20,Bottom_truss_leg_removed,4,,,,0,1,
288,323,5,0.399,d,24.3,d_107,2018_03_20,Bottom_truss_leg_removed,4,,,,0,1,
289,324,5,0.399,d,24.3,d_108,2018_03_20,Bottom_truss_leg_removed,4,,,,0,1,
290,325,5,0.399,d,24.3,d_109,2018_03_20,Bottom_truss_leg_removed,4,,,,0,1,
291,326,5,0.399,d,23.9,d_110,2018_03_20,Bottom_truss_leg_removed,4,,,,0,1,
292,327,5,0.399,d,23.9,d_111,2018_03_20,Bottom_truss_leg_removed,4,,,,0,1,
293,328,5,0.399,d,23.9,d_112,2018_03_20,Bottom_truss_leg_removed,4,,,,0,1,
294,329,5,0.399,d,23.9,d_113,2018_03_20,Bottom_truss_leg_removed,4,,,,0,1,
295,330,5,0.399,d,23.9,d_114,2018_03_20,Bottom_truss_leg_removed,4,,,,0,1,
296,182,5,0.399,h,24.5,h_182,2018_03_20,healthy,0,1,0,0,0,1,
297,183,5,0.399,h,24.5,h_183,2018_03_20,healthy,0,0,0,1,0,1,
298,184,5,0.399,h,24.5,h_184,2018_03_20,healthy,0,0,1,0,0,1,
299,185,5,0.399,h,24.5,h_185,2018_03_20,healthy,0,1,0,0,0,1,
300,186,5,0.399,h,24.5,h_186,2018_03_20,healthy,0,0,0,1,0,1,
301,187,5,0.399,h,24.5,h_187,2018_03_20,healthy,0,0,0,1,0,1,
302,188,5,0.399,h,24.5,h_188,2018_03_20,healthy,0,0,0,1,0,1,
303,189,5,0.399,h,24.5,h_189,2018_03_20,healthy,0,1,0,0,0,1,
304,190,5,0.399,h,24.5,h_190,2018_03_20,healthy,0,1,0,0,0,1,
305,191,5,0.399,h,24.5,h_191,2018_03_20,healthy,0,0,0,1,0,1,
306,192,5,0.399,h,24.5,h_192,2018_03_20,healthy,0,0,0,1,0,1,
307,193,5,0.399,h,24.5,h_193,2018_03_20,healthy,0,1,0,0,0,1,
308,194,5,0.399,h,24.5,h_194,2018_03_20,healthy,0,0,0,1,0,1,
309,195,5,0.399,h,24.5,h_195,2018_03_20,healthy,0,0,1,0,0,1,
310,196,5,0.399,h,24.5,h_196,2018_03_20,healthy,0,1,0,0,0,1,
311,331,5,0.399,d,24.5,d_115,2018_03_20,top_bracing_removed,5,,,,0,1,
312,332,5,0.399,d,24.5,d_116,2018_03_20,top_bracing_removed,5,,,,0,1,
313,333,5,0.399,d,24.5,d_117,2018_03_20,top_bracing_removed,5,,,,0,1,
314,334,5,0.399,d,24.5,d_118,2018_03_20,top_bracing_removed,5,,,,0,1,
315,335,5,0.399,d,24.5,d_119,2018_03_20,top_bracing_removed,5,,,,0,1,
316,336,5,0.399,d,24.3,d_120,2018_03_20,top_bracing_removed,5,,,,0,1,
317,337,5,0.399,d,24.3,d_121,2018_03_20,top_bracing_removed,5,,,,0,1,
318,338,5,0.399,d,24.3,d_122,2018_03_20,top_bracing_removed,5,,,,0,1,
319,339,5,0.399,d,24.3,d_123,2018_03_20,top_bracing_removed,5,,,,0,1,
320,340,5,0.399,d,24.3,d_124,2018_03_20,top_bracing_removed,5,,,,0,1,
321,341,5,0.399,d,24.3,d_125,2018_03_20,top_bracing_removed,5,,,,0,1,
322,342,5,0.399,d,24.3,d_126,2018_03_20,top_bracing_removed,5,,,,0,1,
323,343,5,0.399,d,24.3,d_127,2018_03_20,top_bracing_removed,5,,,,0,1,
324,344,5,0.399,d,24.3,d_128,2018_03_20,top_bracing_removed,5,,,,0,1,New braking system for the mass
325,345,5,0.399,d,24.3,d_129,2018_03_20,top_bracing_removed,5,,,,0,1,
326,346,5,0.399,d,24.3,d_130,2018_03_20,top_bracing_removed,5,,,,0,1,
327,347,5,0.399,d,24.3,d_131,2018_03_20,top_bracing_removed,5,,,,0,1,
328,348,5,0.399,d,24.3,d_132,2018_03_20,top_bracing_removed,5,,,,0,1,
329,349,5,0.399,d,24.3,d_133,2018_03_20,top_bracing_removed,5,,,,0,1,
330,350,5,0.399,d,24.3,d_134,2018_03_20,top_bracing_removed,5,,,,0,1,
331,197,5,0.399,h,24.3,h_197,2018_03_20,healthy,0,0,0,1,0,1,
332,198,5,0.399,h,24.3,h_198,2018_03_20,healthy,0,0,1,0,0,1,
333,199,5,0.399,h,24.3,h_199,2018_03_20,healthy,0,0,1,0,0,1,
334,200,5,0.399,h,24.3,h_200,2018_03_20,healthy,0,1,0,0,0,1,
335,201,5,0.399,h,24.3,h_201,2018_03_20,healthy,0,0,0,1,0,1,
336,202,5,0.399,h,24.3,h_202,2018_03_20,healthy,0,1,0,0,0,1,
337,203,5,0.399,h,24.3,h_203,2018_03_20,healthy,0,0,1,0,0,1,
338,204,5,0.399,h,24.4,h_204,2018_03_20,healthy,0,0,1,0,0,1,
339,205,5,0.399,h,24.4,h_205,2018_03_20,healthy,0,0,0,1,0,1,
340,206,5,0.399,h,24.4,h_206,2018_03_20,healthy,0,0,1,0,0,1,
341,207,5,0.399,h,24.4,h_207,2018_03_20,healthy,0,0,1,0,0,1,
342,208,5,0.399,h,24.4,h_208,2018_03_20,healthy,0,1,0,0,0,1,
343,209,5,0.399,h,24.4,h_209,2018_03_20,healthy,0,0,0,1,0,1,
344,210,5,0.399,h,24.4,h_210,2018_03_20,healthy,0,1,0,0,0,1,
345,211,5,0.399,h,24.4,h_211,2018_03_20,healthy,0,0,0,1,0,1,
346,212,5,0.399,h,24.4,h_212,2018_03_20,healthy,0,0,0,1,0,1,
347,213,5,0.399,h,24.4,h_213,2018_03_20,healthy,0,0,1,0,0,1,
348,214,5,0.399,h,24.4,h_214,2018_03_20,healthy,0,1,0,0,0,1,
349,215,5,0.399,h,24.4,h_215,2018_03_20,healthy,0,0,0,1,0,1,
350,216,5,0.399,h,24.3,h_216,2018_03_20,healthy,0,0,1,0,0,1,
351,217,5,0.399,h,23.4,h_217,2018_04_30,healthy,0,0,1,0,0,1,
352,218,5,0.399,h,23.4,h_218,2018_04_30,healthy,0,1,0,0,0,1,
353,219,5,0.399,h,23.4,h_219,2018_04_30,healthy,0,0,0,1,0,1,
354,220,5,0.399,h,23.4,h_220,2018_04_30,healthy,0,0,0,1,0,1,
355,221,5,0.399,h,23.4,h_221,2018_04_30,healthy,0,0,1,0,0,1,
356,222,5,0.399,h,23.4,h_222,2018_04_30,healthy,0,0,0,1,0,1,
357,223,5,0.399,h,23.4,h_223,2018_04_30,healthy,0,1,0,0,0,1,
358,224,5,0.399,h,23.4,h_224,2018_04_30,healthy,0,0,0,1,0,1,
359,225,5,0.399,h,23.4,h_225,2018_04_30,healthy,0,0,1,0,0,1,
360,226,5,0.399,h,23.4,h_226,2018_04_30,healthy,0,1,0,0,0,1,
361,227,5,0.399,h,23.4,h_227,2018_04_30,healthy,0,1,0,0,0,1,
362,228,5,0.399,h,23.4,h_228,2018_04_30,healthy,0,0,1,0,0,1,
363,229,5,0.399,h,23.4,h_229,2018_04_30,healthy,0,1,0,0,0,1,
364,230,5,0.399,h,23.4,h_230,2018_04_30,healthy,0,0,0,1,0,1,
365,231,5,0.399,h,23.3,h_231,2018_04_30,healthy,0,0,0,1,0,1,
366,232,5,0.399,h,23.3,h_232,2018_04_30,healthy,0,0,1,0,0,1,
367,233,5,0.399,h,23.3,h_233,2018_04_30,healthy,0,0,0,1,0,1,
368,234,5,0.399,h,23.3,h_234,2018_04_30,healthy,0,0,1,0,0,1,
369,235,5,0.399,h,23.3,h_235,2018_04_30,healthy,0,1,0,0,0,1,
370,236,5,0.399,h,23.3,h_236,2018_04_30,healthy,0,0,1,0,0,1,
371,237,5,0.399,h,23.3,h_237,2018_04_30,healthy,0,0,0,1,0,1,
372,238,5,0.399,h,23.3,h_238,2018_04_30,healthy,0,0,0,1,0,1,
373,239,5,0.399,h,23.3,h_239,2018_04_30,healthy,0,1,0,0,0,1,
374,240,5,0.399,h,23.3,h_240,2018_04_30,healthy,0,0,1,0,0,1,
375,241,5,0.399,h,23.3,h_241,2018_04_30,healthy,0,1,0,0,0,1,
376,242,5,0.399,h,23.5,h_242,2018_04_30,healthy,0,0,0,1,0,1,
377,243,5,0.399,h,23.5,h_243,2018_04_30,healthy,0,0,1,0,0,1,
378,244,5,0.399,h,23.5,h_244,2018_04_30,healthy,0,0,0,1,0,1,
379,245,5,0.399,h,23.5,h_245,2018_04_30,healthy,0,1,0,0,0,1,
380,246,5,0.399,h,23.5,h_246,2018_04_30,healthy,0,1,0,0,0,1,
381,247,5,0.399,h,23.5,h_247,2018_04_30,healthy,0,0,0,1,0,1,D6- member replaced
382,248,5,0.399,h,23.5,h_248,2018_04_30,healthy,0,0,0,1,0,1,
383,249,5,0.399,h,23.5,h_249,2018_04_30,healthy,0,0,1,0,0,1,
384,250,5,0.399,h,23.5,h_250,2018_04_30,healthy,0,0,1,0,0,1,
385,251,5,0.399,h,23.5,h_251,2018_04_30,healthy,0,1,0,0,0,1,
386,252,5,0.399,h,23.5,h_252,2018_04_30,healthy,0,0,0,1,0,1,
387,253,5,0.399,h,23.5,h_253,2018_04_30,healthy,0,0,1,0,0,1,
388,254,5,0.399,h,23.5,h_254,2018_04_30,healthy,0,1,0,0,0,1,
389,255,5,0.399,h,23.5,h_255,2018_04_30,healthy,0,1,0,0,0,1,
390,256,5,0.399,h,23.5,h_256,2018_04_30,healthy,0,0,1,0,0,1,
391,257,5,0.399,h,23.5,h_257,2018_04_30,healthy,0,0,1,0,0,1,
392,258,5,0.399,h,23.5,h_258,2018_04_30,healthy,0,0,1,0,0,1,
393,259,5,0.399,h,23.5,h_259,2018_04_30,healthy,0,0,0,1,0,1,
394,260,5,0.399,h,23.5,h_260,2018_04_30,healthy,0,1,0,0,0,1,
395,261,5,0.399,h,23.5,h_261,2018_04_30,healthy,0,1,0,0,0,1,
396,262,5,0.399,h,23.5,h_262,2018_04_30,healthy,0,1,0,0,0,1,
397,263,5,0.399,h,23.5,h_263,2018_04_30,healthy,0,0,0,1,0,1,
398,264,5,0.399,h,23.5,h_264,2018_04_30,healthy,0,1,0,0,0,1,
399,265,5,0.399,h,23.5,h_265,2018_04_30,healthy,0,0,0,1,0,1,
400,266,5,0.399,h,23.5,h_266,2018_04_30,healthy,0,0,0,1,0,1,
401,267,5,0.399,h,23.5,h_267,2018_04_30,healthy,0,0,1,0,0,1,
402,268,5,0.399,h,23.5,h_268,2018_04_30,healthy,0,1,0,0,0,1,
403,269,5,0.399,h,23.5,h_269,2018_04_30,healthy,0,1,0,0,0,1,
404,270,5,0.399,h,23.5,h_270,2018_04_30,healthy,0,0,1,0,0,1,
405,271,5,0.399,h,23.5,h_271,2018_04_30,healthy,0,0,0,1,0,1,
406,272,5,0.399,h,23.5,h_272,2018_04_30,healthy,0,0,1,0,0,1,
407,273,5,0.399,h,23.5,h_273,2018_04_30,healthy,0,0,0,1,0,1,
408,274,5,0.399,h,23.5,h_274,2018_04_30,healthy,0,1,0,0,0,1,
409,275,5,0.399,h,23.5,h_275,2018_04_30,healthy,0,0,0,1,0,1,
410,276,5,0.399,h,23.5,h_276,2018_04_30,healthy,0,0,1,0,0,1,
411,277,5,0.399,h,23.5,h_277,2018_04_30,healthy,0,0,1,0,0,1,
412,278,5,0.399,h,23.5,h_278,2018_04_30,healthy,0,1,0,0,0,1,
413,279,5,0.399,h,23.5,h_279,2018_04_30,healthy,0,0,1,0,0,1,
414,280,5,0.399,h,23.5,h_280,2018_04_30,healthy,0,0,0,1,0,1,
415,281,5,0.399,h,23.5,h_281,2018_04_30,healthy,0,0,0,1,0,1,
416,282,5,0.399,h,23.5,h_282,2018_04_30,healthy,0,1,0,0,0,1,
417,283,5,0.399,h,23.5,h_283,2018_04_30,healthy,0,1,0,0,0,1,
418,284,5,0.399,h,23.5,h_284,2018_04_30,healthy,0,1,0,0,0,1,
419,285,5,0.399,h,23.5,h_285,2018_04_30,healthy,0,0,0,1,0,1,
420,286,5,0.399,h,23.5,h_286,2018_04_30,healthy,0,0,1,0,0,1,
421,421,5,0.399,d,23.5,d_135,2018_04_30,5mm cut,6,,,,0,1,
422,422,5,0.399,d,23.5,d_136,2018_04_30,5mm cut,6,,,,0,1,
423,423,5,0.399,d,23.5,d_137,2018_04_30,5mm cut,6,,,,0,1,
424,424,5,0.399,d,23.5,d_138,2018_04_30,5mm cut,6,,,,0,1,
425,425,5,0.399,d,23.5,d_139,2018_04_30,5mm cut,6,,,,0,1,
426,426,5,0.399,d,23.5,d_140,2018_04_30,5mm cut,6,,,,0,1,
427,427,5,0.399,d,23.5,d_141,2018_04_30,5mm cut,6,,,,0,1,
428,428,5,0.399,d,23.4,d_142,2018_04_30,5mm cut,6,,,,0,1,
429,429,5,0.399,d,23.4,d_143,2018_04_30,5mm cut,6,,,,0,1,
430,430,5,0.399,d,23.4,d_144,2018_04_30,5mm cut,6,,,,0,1,
431,431,5,0.399,d,23.4,d_145,2018_04_30,5mm cut,6,,,,0,1,
432,432,5,0.399,d,23.4,d_146,2018_04_30,5mm cut,6,,,,0,1,
433,433,5,0.399,d,23.4,d_147,2018_04_30,5mm cut,6,,,,0,1,
434,434,5,0.399,d,23.4,d_148,2018_04_30,5mm cut,6,,,,0,1,
435,435,5,0.399,d,23.4,d_149,2018_04_30,5mm cut,6,,,,0,1,
436,436,5,0.399,d,23.4,d_150,2018_04_30,5mm cut,6,,,,0,1,
437,437,5,0.399,d,23.4,d_151,2018_04_30,5mm cut,6,,,,0,1,
438,438,5,0.399,d,23.4,d_152,2018_04_30,5mm cut,6,,,,0,1,
439,439,5,0.399,d,23.4,d_153,2018_04_30,5mm cut,6,,,,0,1,
440,440,5,0.399,d,23.4,d_154,2018_04_30,5mm cut,6,,,,0,1,
441,441,5,0.399,d,23.4,d_155,2018_04_30,5mm cut,6,,,,0,1,
442,442,5,0.399,d,23.4,d_156,2018_04_30,5mm cut,6,,,,0,1,
443,443,5,0.399,d,23.4,d_157,2018_04_30,5mm cut,6,,,,0,1,
444,444,5,0.399,d,23.4,d_158,2018_04_30,5mm cut,6,,,,0,1,
445,445,5,0.399,d,23.4,d_159,2018_04_30,5mm cut,6,,,,0,1,
446,446,5,0.399,d,23.4,d_160,2018_04_30,5mm cut,6,,,,0,1,
447,447,5,0.399,d,23.4,d_161,2018_04_30,5mm cut,6,,,,0,1,
448,448,5,0.399,d,23.4,d_162,2018_04_30,5mm cut,6,,,,0,1,
449,449,5,0.399,d,23.4,d_163,2018_04_30,5mm cut,6,,,,0,1,
450,450,5,0.399,d,23.4,d_164,2018_04_30,5mm cut,6,,,,0,1,
451,451,5,0.399,d,22.9,d_165,2018_05_03,10mm cut,6,,,,0,1,10mm cut
452,452,5,0.399,d,22.9,d_166,2018_05_03,10mm cut,6,,,,0,1,
453,453,5,0.399,d,22.9,d_167,2018_05_03,10mm cut,6,,,,0,1,
454,454,5,0.399,d,22.9,d_168,2018_05_03,10mm cut,6,,,,0,1,
455,455,5,0.399,d,23.1,d_169,2018_05_03,10mm cut,6,,,,0,1,
456,456,5,0.399,d,23.1,d_170,2018_05_03,10mm cut,6,,,,0,1,
457,457,5,0.399,d,23.1,d_171,2018_05_03,10mm cut,6,,,,0,1,
458,458,5,0.399,d,23.1,d_172,2018_05_03,10mm cut,6,,,,0,1,
459,459,5,0.399,d,23.1,d_173,2018_05_03,10mm cut,6,,,,0,1,
460,460,5,0.399,d,23.1,d_174,2018_05_03,10mm cut,6,,,,0,1,
461,461,5,0.399,d,23.1,d_175,2018_05_03,10mm cut,6,,,,0,1,
462,462,5,0.399,d,23.1,d_176,2018_05_03,10mm cut,6,,,,0,1,
463,463,5,0.399,d,23.1,d_177,2018_05_03,10mm cut,6,,,,0,1,
464,464,5,0.399,d,23.1,d_178,2018_05_03,10mm cut,6,,,,0,1,
465,465,5,0.399,d,23.2,d_179,2018_05_03,10mm cut,6,,,,0,1,
466,466,5,0.399,d,23.2,d_180,2018_05_03,10mm cut,6,,,,0,1,
467,467,5,0.399,d,23.2,d_181,2018_05_03,10mm cut,6,,,,0,1,
468,468,5,0.399,d,23.2,d_182,2018_05_03,10mm cut,6,,,,0,1,
469,469,5,0.399,d,23.2,d_183,2018_05_03,10mm cut,6,,,,0,1,
470,470,5,0.399,d,23.2,d_184,2018_05_03,10mm cut,6,,,,0,1,
471,471,5,0.399,d,23.2,d_185,2018_05_03,10mm cut,6,,,,0,1,
472,472,5,0.399,d,23.2,d_186,2018_05_03,10mm cut,6,,,,0,1,
473,473,5,0.399,d,23.2,d_187,2018_05_03,10mm cut,6,,,,0,1,
474,474,5,0.399,d,23.2,d_188,2018_05_03,10mm cut,6,,,,0,1,
475,475,5,0.399,d,23.2,d_189,2018_05_03,10mm cut,6,,,,0,1,
476,476,5,0.399,d,23.2,d_190,2018_05_03,10mm cut,6,,,,0,1,
477,477,5,0.399,d,23.2,d_191,2018_05_03,10mm cut,6,,,,0,1,
478,478,5,0.399,d,23.2,d_192,2018_05_03,10mm cut,6,,,,0,1,
479,479,5,0.399,d,23.2,d_193,2018_05_03,10mm cut,6,,,,0,1,
480,480,5,0.399,d,23.2,d_194,2018_05_03,10mm cut,6,,,,0,1,
481,481,5,0.399,d,23.2,d_195,2018_05_03,10mm cut,6,,,,0,1,
482,482,5,0.399,d,23.4,d_196,2018_05_03,15mm cut,6,,,,0,1,15mm cut
483,483,5,0.399,d,23.4,d_197,2018_05_03,15mm cut,6,,,,0,1,
484,484,5,0.399,d,23.4,d_198,2018_05_03,15mm cut,6,,,,0,1,
485,485,5,0.399,d,23.4,d_199,2018_05_03,15mm cut,6,,,,0,1,
486,486,5,0.399,d,23.4,d_200,2018_05_03,15mm cut,6,,,,0,1,
487,487,5,0.399,d,23.4,d_201,2018_05_03,15mm cut,6,,,,0,1,
488,488,5,0.399,d,23.4,d_202,2018_05_03,15mm cut,6,,,,0,1,
489,489,5,0.399,d,23.4,d_203,2018_05_03,15mm cut,6,,,,0,1,
490,490,5,0.399,d,23.4,d_204,2018_05_03,15mm cut,6,,,,0,1,
491,491,5,0.399,d,23.4,d_205,2018_05_03,15mm cut,6,,,,0,1,
492,492,5,0.399,d,23.5,d_206,2018_05_03,15mm cut,6,,,,0,1,
493,493,5,0.399,d,23.5,d_207,2018_05_03,15mm cut,6,,,,0,1,
494,494,5,0.399,d,24.2,d_208,2018_05_09,15mm cut,6,,,,0,1,
495,495,5,0.399,d,24.2,d_209,2018_05_09,15mm cut,6,,,,0,1,
496,496,5,0.399,d,24.2,d_210,2018_05_09,15mm cut,6,,,,0,1,
497,497,5,0.399,d,24.2,d_211,2018_05_09,15mm cut,6,,,,0,1,
498,498,5,0.399,d,24.2,d_212,2018_05_09,15mm cut,6,,,,0,1,
499,499,5,0.399,d,24.2,d_213,2018_05_09,15mm cut,6,,,,0,1,
500,500,5,0.399,d,24.2,d_214,2018_05_09,15mm cut,6,,,,0,1,
501,501,5,0.399,d,24.2,d_215,2018_05_09,15mm cut,6,,,,0,1,
502,502,5,0.399,d,24.2,d_216,2018_05_09,15mm cut,6,,,,0,1,
503,503,5,0.399,d,24.4,d_217,2018_05_09,15mm cut,6,,,,0,1,
504,504,5,0.399,d,24.4,d_218,2018_05_09,15mm cut,6,,,,0,1,
505,505,5,0.399,d,24.4,d_219,2018_05_09,15mm cut,6,,,,0,1,
506,506,5,0.399,d,24.4,d_220,2018_05_09,15mm cut,6,,,,0,1,
507,507,5,0.399,d,24.4,d_221,2018_05_09,15mm cut,6,,,,0,1,
508,508,5,0.399,d,24.5,d_222,2018_05_09,15mm cut,6,,,,0,1,
509,509,5,0.399,d,24.5,d_223,2018_05_09,15mm cut,6,,,,0,1,
510,510,5,0.399,d,24.5,d_224,2018_05_09,15mm cut,6,,,,0,1,
511,511,5,0.399,d,24.5,d_225,2018_05_09,15mm cut,6,,,,0,1,
522,522,5,0.399,d,24.6,d_236,2018_05_09,15mm cut + 5 mm web removed,6,,,,0,1,
523,523,5,0.399,d,24.6,d_237,2018_05_09,15mm cut + 5 mm web removed,6,,,,0,1,
524,524,5,0.399,d,24.6,d_238,2018_05_09,15mm cut + 5 mm web removed,6,,,,0,1,
525,525,5,0.399,d,24.6,d_240,2018_05_09,15mm cut + 5 mm web removed,6,,,,0,1,
526,526,5,0.399,d,24.6,d_241,2018_05_09,15mm cut + 5 mm web removed,6,,,,0,1,
527,527,5,0.399,d,24.6,d_242,2018_05_09,15mm cut + 5 mm web removed,6,,,,0,1,
528,528,5,0.399,d,24.6,d_243,2018_05_09,15mm cut + 5 mm web removed,6,,,,0,1,
529,529,5,0.399,d,24.6,d_244,2018_05_09,15mm cut + 5 mm web removed,6,,,,0,1,
530,530,5,0.399,d,24.5,d_245,2018_05_09,15mm cut + 5 mm web removed,6,,,,0,1,
531,531,5,0.399,d,24.5,d_246,2018_05_09,15mm cut + 5 mm web removed,6,,,,0,1,
532,532,5,0.399,d,24.5,d_247,2018_05_09,15mm cut + 5 mm web removed,6,,,,0,1,
533,533,5,0.399,d,24.5,d_248,2018_05_09,15mm cut + 5 mm web removed,6,,,,0,1,
534,534,5,0.399,d,24.5,d_249,2018_05_09,15mm cut + 5 mm web removed,6,,,,0,1,
535,535,5,0.399,d,24.5,d_250,2018_05_09,15mm cut + 5 mm web removed,6,,,,0,1,
536,536,5,0.399,d,24,d_251,2018_05_09,15mm cut + 5 mm web removed,6,,,,0,1,
537,537,5,0.399,d,23.9,d_252,2018_05_09,15mm cut + 5 mm web removed,6,,,,0,1,
538,538,5,0.399,d,23.9,d_253,2018_05_09,15mm cut + 5 mm web removed,6,,,,0,1,
539,539,5,0.399,d,23.9,d_254,2018_05_09,15mm cut + 5 mm web removed,6,,,,0,1,
540,540,5,0.399,d,23.9,d_255,2018_05_09,15mm cut + 5 mm web removed,6,,,,0,1,
541,541,5,0.399,d,23.9,d_256,2018_05_09,15mm cut + 5 mm web removed,6,,,,0,1,
542,542,5,0.399,d,23.9,d_257,2018_05_09,15mm cut + 5 mm web removed,6,,,,0,1,
543,543,5,0.399,d,23.9,d_258,2018_05_09,15mm cut + 5 mm web removed,6,,,,0,1,
544,544,5,0.399,d,23.9,d_259,2018_05_09,15mm cut + 5 mm web removed,6,,,,0,1,
545,545,5,0.399,d,23.9,d_260,2018_05_09,15mm cut + 5 mm web removed,6,,,,0,1,
546,546,5,0.399,d,23.9,d_261,2018_05_09,15mm cut + 5 mm web removed,6,,,,0,1,
547,547,5,0.399,d,23.9,d_262,2018_05_09,15mm cut + 5 mm web removed,6,,,,0,1,
548,548,5,0.399,d,23.9,d_263,2018_05_09,15mm cut + 5 mm web removed,6,,,,0,1,
549,549,5,0.399,d,23.9,d_264,2018_05_09,15mm cut + 5 mm web removed,6,,,,0,1,
550,550,5,0.399,d,23.9,d_265,2018_05_09,15mm cut + 5 mm web removed,6,,,,0,1,
561,561,5,0.399,d,23.7,d_276,2018_05_09,15mm cut + 10 mm web removed,6,,,,0,1,
562,562,5,0.399,d,23.7,d_277,2018_05_09,15mm cut + 10 mm web removed,6,,,,0,1,
563,563,5,0.399,d,23.7,d_278,2018_05_09,15mm cut + 10 mm web removed,6,,,,0,1,
564,564,5,0.399,d,23.7,d_279,2018_05_09,15mm cut + 10 mm web removed,6,,,,0,1,
565,565,5,0.399,d,23.7,d_280,2018_05_09,15mm cut + 10 mm web removed,6,,,,0,1,
566,566,5,0.399,d,23.7,d_281,2018_05_09,15mm cut + 10 mm web removed,6,,,,0,1,
567,567,5,0.399,d,23.7,d_282,2018_05_09,15mm cut + 10 mm web removed,6,,,,0,1,
568,568,5,0.399,d,23.7,d_283,2018_05_09,15mm cut + 10 mm web removed,6,,,,0,1,
569,569,5,0.399,d,23.7,d_284,2018_05_09,15mm cut + 10 mm web removed,6,,,,0,1,
570,570,5,0.399,d,23.7,d_285,2018_05_09,15mm cut + 10 mm web removed,6,,,,0,1,
571,571,5,0.399,d,23.7,d_286,2018_05_09,15mm cut + 10 mm web removed,6,,,,0,1,
572,572,5,0.399,d,23.7,d_287,2018_05_09,15mm cut + 10 mm web removed,6,,,,0,1,
573,573,5,0.399,d,23.8,d_288,2018_05_09,15mm cut + 10 mm web removed,6,,,,0,1,
574,574,5,0.399,d,23.8,d_289,2018_05_09,15mm cut + 10 mm web removed,6,,,,0,1,
575,575,5,0.399,d,23.8,d_290,2018_05_09,15mm cut + 10 mm web removed,6,,,,0,1,
576,576,5,0.399,d,24.2,d_291,2018_05_14,15mm cut + 10 mm web removed,6,,,,0,1,
577,577,5,0.399,d,24.2,d_292,2018_05_14,15mm cut + 10 mm web removed,6,,,,0,1,
578,578,5,0.399,d,24.2,d_293,2018_05_14,15mm cut + 10 mm web removed,6,,,,0,1,
579,579,5,0.399,d,24.2,d_294,2018_05_14,15mm cut + 10 mm web removed,6,,,,0,1,
580,580,5,0.399,d,24.2,d_295,2018_05_14,15mm cut + 10 mm web removed,6,,,,0,1,
581,581,5,0.399,d,24.2,d_296,2018_05_14,15mm cut + 10 mm web removed,6,,,,0,1,
582,582,5,0.399,d,24.2,d_297,2018_05_14,15mm cut + 10 mm web removed,6,,,,0,1,
583,583,5,0.399,d,24.2,d_298,2018_05_14,15mm cut + 10 mm web removed,6,,,,0,1,
584,584,5,0.399,d,24.3,d_299,2018_05_14,15mm cut + 10 mm web removed,6,,,,0,1,
585,585,5,0.399,d,24.3,d_300,2018_05_14,15mm cut + 10 mm web removed,6,,,,0,1,
586,586,5,0.399,d,24.3,d_301,2018_05_14,15mm cut + 10 mm web removed,6,,,,0,1,
587,587,5,0.399,d,24.3,d_302,2018_05_14,15mm cut + 10 mm web removed,6,,,,0,1,
588,588,5,0.399,d,24.3,d_303,2018_05_14,15mm cut + 10 mm web removed,6,,,,0,1,
589,589,5,0.399,d,24.3,d_304,2018_05_14,15mm cut + 10 mm web removed,6,,,,0,1,
590,590,5,0.399,d,24.3,d_305,2018_05_14,15mm cut + 10 mm web removed,6,,,,0,1,
